Drinks,http://www.eatbydate.com/drinks/,Water - Bottled,http://www.eatbydate.com/how-long-does-water-last-shelf-life-expiration-date/,Cooked Potatoes,0.1
Grains,http://www.eatbydate.com/grains/,Bread - Bakery,http://www.eatbydate.com/grains/baked-goods/bread-shelf-life-expiration-date/,Fireballs,0.1
Grains,http://www.eatbydate.com/grains/,Bread - Bakery,http://www.eatbydate.com/grains/baked-goods/bread-shelf-life-expiration-date/,Chocolate Bars last,0.1
Drinks,http://www.eatbydate.com/drinks/,Water - Bottled,http://www.eatbydate.com/how-long-does-water-last-shelf-life-expiration-date/,Sweet Potatoes,0.15
Drinks,http://www.eatbydate.com/drinks/,Water - Bottled,http://www.eatbydate.com/how-long-does-water-last-shelf-life-expiration-date/,Sliced Potatoes or French Fries,0.15
Fruits,http://www.eatbydate.com/fruits/,Avocados,http://www.eatbydate.com/how-long-do-avocados-last-shelf-life-expiration-date/,Dry Instant Sweet Potatoes last,0.25
Fruits,http://www.eatbydate.com/fruits/,Apricots - Fresh,http://www.eatbydate.com/fruits/fresh/apricots/%22,Refrigerator Biscuit Dough (Pillsbury biscuits & rolls),0.3
Fruits,http://www.eatbydate.com/fruits/,Peaches - Fresh,http://www.eatbydate.com/fruits/fresh/peaches/,5 minute Oatmeal,0.3
Dairy,http://www.eatbydate.com/dairy/,Pudding,http://www.eatbydate.com/dairy/pudding-shelf-life-expiration-date/,Adult Nutrition,1
Dairy,http://www.eatbydate.com/dairy/,Pudding,http://www.eatbydate.com/dairy/pudding-shelf-life-expiration-date/,Gatorade bottles last,1
Drinks,http://www.eatbydate.com/drinks/,7-Up Can,http://www.eatbydate.com/how-long-does-coke-last-shelf-life-expiration-date/,Red Wine,1
Fruits,http://www.eatbydate.com/fruits/,Lemons - Fresh,http://www.eatbydate.com/how-long-do-lemons-last/,Cupcakes with fresh fruit,1
Fruits,http://www.eatbydate.com/fruits/,Lemons - Fresh,http://www.eatbydate.com/how-long-do-lemons-last/,Hostess Cupcakes,1
Fruits,http://www.eatbydate.com/fruits/,Oranges - Dried,http://www.eatbydate.com/fruits/fresh/how-long-do-oranges-last-shelf-life-expiration-date/,Flavored/Cream Instant Oatmeal,1
Fruits,http://www.eatbydate.com/fruits/,Strawberries - Fresh,http://www.eatbydate.com/fruits/fresh/how-long-do-strawberries-last/,Fruit Pie,1
Fruits,http://www.eatbydate.com/fruits/,Strawberries - Fresh,http://www.eatbydate.com/fruits/fresh/how-long-do-strawberries-last/,Pie with fresh fruit,1
Vegetables,http://www.eatbydate.com/vegetables/,Cucumbers,http://www.eatbydate.com/how-long-do-cucumbers-last-shelf-life-expiration-date/,Macadamias last,1
Vegetables,http://www.eatbydate.com/vegetables/,Onions,http://www.eatbydate.com/how-long-do-onions-last-shelf-life/,Salami (hard)*,1
Grains,http://www.eatbydate.com/grains/,Bread - Bakery,http://www.eatbydate.com/grains/baked-goods/bread-shelf-life-expiration-date/,Chocolate,1
Grains,http://www.eatbydate.com/grains/,Cake - Bakery,http://www.eatbydate.com/grains/baked-goods/cake-shelf-life-expiration-date/,Ground Cinnamon,1
Grains,http://www.eatbydate.com/grains/,Cupcakes - Bakery,http://www.eatbydate.com/grains/baked-goods/how-long-do-cupcakes-last-shelf-life/,Dry Frosting Mix,1
Grains,http://www.eatbydate.com/grains/,Cupcakes - Bakery,http://www.eatbydate.com/grains/baked-goods/how-long-do-cupcakes-last-shelf-life/,Ready to Decorate Icing - Pressure Tube,1
Grains,http://www.eatbydate.com/grains/,Cupcakes - Bakery,http://www.eatbydate.com/grains/baked-goods/how-long-do-cupcakes-last-shelf-life/,Homemade Frosting/Icing,1
Grains,http://www.eatbydate.com/grains/,Cupcakes - Bakery,http://www.eatbydate.com/grains/baked-goods/how-long-do-cupcakes-last-shelf-life/,Peeled Chopped Ginger*,1
Grains,http://www.eatbydate.com/grains/,Pizza - Dominos,http://www.eatbydate.com/grains/pizza-shelf-life-expiration-date/,Candy Sprinkles last,1
Grains,http://www.eatbydate.com/grains/,Pizza - Dominos,http://www.eatbydate.com/grains/pizza-shelf-life-expiration-date/,Jimmies last,1
Grains,http://www.eatbydate.com/grains/,Pie - Fruit,http://www.eatbydate.com/grains/baked-goods/pie-shelf-life-expiration-date/,M&M Peanut,1
Grains,http://www.eatbydate.com/grains/,Pie - Fruit,http://www.eatbydate.com/grains/baked-goods/pie-shelf-life-expiration-date/,American Mustard,1
Proteins,http://www.eatbydate.com/proteins/,Bean Sprouts,http://www.eatbydate.com/beans-shelf-life-expiration-date/,Oregano,1
Proteins,http://www.eatbydate.com/proteins/,Bean Sprouts,http://www.eatbydate.com/beans-shelf-life-expiration-date/,Pickling Spice,1
Proteins,http://www.eatbydate.com/proteins/,Beef - Cooked,http://www.eatbydate.com/proteins/meats/beef-shelf-life-expiration-date/,Rosemary,1
Proteins,http://www.eatbydate.com/proteins/,Beef - Cooked,http://www.eatbydate.com/proteins/meats/beef-shelf-life-expiration-date/,Saffron,1
Proteins,http://www.eatbydate.com/proteins/,Beef - Cooked,http://www.eatbydate.com/proteins/meats/beef-shelf-life-expiration-date/,Tumeric,1
Dairy,http://www.eatbydate.com/dairy/,Egg Nog,http://www.eatbydate.com/how-long-does-egg-nog-last-shelf-life-expiration-date/,Kraft's Dry Pudding Mix,2
Drinks,http://www.eatbydate.com/drinks/,7-Up Can,http://www.eatbydate.com/how-long-does-coke-last-shelf-life-expiration-date/,Cooking Wine,2
Drinks,http://www.eatbydate.com/drinks/,Apple Cider - Fresh,http://www.eatbydate.com/fruit-juice-shelf-life-expiration-date/,Chocolate Cherries,2
Drinks,http://www.eatbydate.com/drinks/,Apple Cider - Fresh,http://www.eatbydate.com/fruit-juice-shelf-life-expiration-date/,Packaged Coconut,2
Drinks,http://www.eatbydate.com/drinks/,White Wine - Bottle,http://www.eatbydate.com/wine-shelf-life-expiration-date/,Macaroni Salad  for,2
Fruits,http://www.eatbydate.com/fruits/,Apricots - Fresh,http://www.eatbydate.com/fruits/fresh/apricots/%22,Packaged Bread (Soft),2
Fruits,http://www.eatbydate.com/fruits/,Blueberries - Fresh,http://www.eatbydate.com/fruits/fresh/blueberries,Cooked French Toast,2
Fruits,http://www.eatbydate.com/fruits/,Cherries - Fresh,http://www.eatbydate.com/cherries/,Frozen Cheesecake,2
Fruits,http://www.eatbydate.com/fruits/,Pineapple - Fresh,http://www.eatbydate.com/fruits/fresh/pineapples,Oatmeal Cookies last,2
Fruits,http://www.eatbydate.com/fruits/,Pumpkin - Canned,http://www.eatbydate.com/fruits/fresh/how-long-does-pumpkin-last/,Dry Noodles last,2
Vegetables,http://www.eatbydate.com/vegetables/,Celery,http://www.eatbydate.com/how-long-does-celery-last-shelf-life/,Spinach Tortillas last,2
Vegetables,http://www.eatbydate.com/vegetables/,Peppers,http://www.eatbydate.com/vegetables/fresh-vegetables/bell-peppers/,Canned Corn Beef,2
Vegetables,http://www.eatbydate.com/vegetables/,Pumpkin,http://www.eatbydate.com/how-long-does-pumpkin-last/,Sardines last,2
Grains,http://www.eatbydate.com/grains/,Bread - Bakery,http://www.eatbydate.com/grains/baked-goods/bread-shelf-life-expiration-date/,Candy Starlets,2
Grains,http://www.eatbydate.com/grains/,Bread - Bakery,http://www.eatbydate.com/grains/baked-goods/bread-shelf-life-expiration-date/,"Individually wrapped Hard Candy (Lifesavers,etc.)",2
Grains,http://www.eatbydate.com/grains/,Cookies - Bakery,http://www.eatbydate.com/grains/baked-goods/cookies-shelf-life-expiration-date/,Crisco shortening Cans,2
Grains,http://www.eatbydate.com/grains/,Cookies - Bakery,http://www.eatbydate.com/grains/baked-goods/cookies-shelf-life-expiration-date/,Rice Flour,2
Grains,http://www.eatbydate.com/grains/,Oatmeal - Instant,http://www.eatbydate.com/grains/cereal/how-long-does-oatmeal-last-shelf-life-expiration-date-storage/,Skittles last,2
Grains,http://www.eatbydate.com/grains/,Pie - Fruit,http://www.eatbydate.com/grains/baked-goods/pie-shelf-life-expiration-date/,M&M's last for,2
Grains,http://www.eatbydate.com/grains/,Pie - Fruit,http://www.eatbydate.com/grains/baked-goods/pie-shelf-life-expiration-date/,M&M Peanut Butter,2
Grains,http://www.eatbydate.com/grains/,Pie - Fruit,http://www.eatbydate.com/grains/baked-goods/pie-shelf-life-expiration-date/,M&M Almond,2
Grains,http://www.eatbydate.com/grains/,Tortillas - Flour,http://www.eatbydate.com/grains/baked-goods/how-long-do-tortillas-last-shelf-life-expiration-date/,Cayenne Pepper,2
Dairy,http://www.eatbydate.com/dairy/,Evaporated Milk,http://www.eatbydate.com/how-long-does-evaporated-milk-last-shelf-life/,Diet* Coke Can,3
Fruits,http://www.eatbydate.com/fruits/,Avocados,http://www.eatbydate.com/how-long-do-avocados-last-shelf-life-expiration-date/,Canned Yams last,3
Fruits,http://www.eatbydate.com/fruits/,Figs - Fresh,http://www.eatbydate.com/fruits/fresh/figs,Homemade Cookies (Soft),3
Fruits,http://www.eatbydate.com/fruits/,Peaches - Fresh,http://www.eatbydate.com/fruits/fresh/peaches/,1 minute Oatmeal,3
Fruits,http://www.eatbydate.com/fruits/,Peaches - Fresh,http://www.eatbydate.com/fruits/fresh/peaches/,Steel Cut Oatmeal (Irish Oatmeal),3
Fruits,http://www.eatbydate.com/fruits/,Pumpkin - Canned,http://www.eatbydate.com/fruits/fresh/how-long-does-pumpkin-last/,Cooked Pasta,3
Vegetables,http://www.eatbydate.com/vegetables/,Pumpkin,http://www.eatbydate.com/how-long-does-pumpkin-last/,Fresh Pork Chops,3
Vegetables,http://www.eatbydate.com/vegetables/,Salad,http://www.eatbydate.com/salad-shelf-life-expiration-date/,Fresh Pork Loin,3
Vegetables,http://www.eatbydate.com/vegetables/,Summer Squash,http://www.eatbydate.com/how-long-does-summer-squash-last/,Frozen Salmon,3
Grains,http://www.eatbydate.com/grains/,Pie - Fruit,http://www.eatbydate.com/grains/baked-goods/pie-shelf-life-expiration-date/,M&M Mint,3
Grains,http://www.eatbydate.com/grains/,Pie - Fruit,http://www.eatbydate.com/grains/baked-goods/pie-shelf-life-expiration-date/,Jordan Almonds last for,3
Grains,http://www.eatbydate.com/grains/,Pie - Fruit,http://www.eatbydate.com/grains/baked-goods/pie-shelf-life-expiration-date/,Marshmallows last,3
Fruits,http://www.eatbydate.com/fruits/,Grapes - Fresh,http://www.eatbydate.com/fruits/fresh/grapes,Homemade Cookies (Hard),4
Vegetables,http://www.eatbydate.com/vegetables/,Lettuce,http://www.eatbydate.com/how-long-does-lettuce-last,Fresh Beef,4
Vegetables,http://www.eatbydate.com/vegetables/,Lettuce,http://www.eatbydate.com/how-long-does-lettuce-last,Ground Beef,4
Vegetables,http://www.eatbydate.com/vegetables/,Lettuce,http://www.eatbydate.com/how-long-does-lettuce-last,Corned Beef,4
Vegetables,http://www.eatbydate.com/vegetables/,Salad,http://www.eatbydate.com/salad-shelf-life-expiration-date/,Fresh Ground Pork,4
Vegetables,http://www.eatbydate.com/vegetables/,Salad,http://www.eatbydate.com/salad-shelf-life-expiration-date/,Fresh Pork Shoulder,4
Vegetables,http://www.eatbydate.com/vegetables/,Salad,http://www.eatbydate.com/salad-shelf-life-expiration-date/,Pork Sausage,4
Vegetables,http://www.eatbydate.com/vegetables/,Salad,http://www.eatbydate.com/salad-shelf-life-expiration-date/,Cooked Pork Shoulder/Loin/Chops/Sausage,4
Vegetables,http://www.eatbydate.com/vegetables/,Salad,http://www.eatbydate.com/salad-shelf-life-expiration-date/,Ham,4
Vegetables,http://www.eatbydate.com/vegetables/,Salad,http://www.eatbydate.com/salad-shelf-life-expiration-date/,Ground Turkey,4
Vegetables,http://www.eatbydate.com/vegetables/,Salad,http://www.eatbydate.com/salad-shelf-life-expiration-date/,Hamburgers last,4
Vegetables,http://www.eatbydate.com/vegetables/,Salad,http://www.eatbydate.com/salad-shelf-life-expiration-date/,Cooked Hot Dogs last,4
Vegetables,http://www.eatbydate.com/vegetables/,Spinach,http://www.eatbydate.com/vegetables/fresh-vegetables/spinach/,Cooked Salmon,4
Vegetables,http://www.eatbydate.com/vegetables/,Summer Squash,http://www.eatbydate.com/how-long-does-summer-squash-last/,Sesame Seeds (Raw),4
Vegetables,http://www.eatbydate.com/vegetables/,Summer Squash,http://www.eatbydate.com/how-long-does-summer-squash-last/,Roasted Sesame Seeds last,4
Dairy,http://www.eatbydate.com/dairy/,Almond Milk,http://www.eatbydate.com/soy-rice-almond-milk-substitutes-shelf-life-expiration-date/,"Semi-Hard Cheese Chunk (Cheddar, Swiss)",5
Dairy,http://www.eatbydate.com/dairy/,Coffee Cream,http://www.eatbydate.com/dairy-coffee-cream-shelf-life-expiration-date/,Flavored Cream Cheese  for,5
Dairy,http://www.eatbydate.com/dairy/,Cottage Cheese,http://www.eatbydate.com/cottage-cheese-shelf-life-expiration-date/,Low Fat Skim Evaporated Milk,5
Dairy,http://www.eatbydate.com/dairy/,Cottage Cheese,http://www.eatbydate.com/cottage-cheese-shelf-life-expiration-date/,Frozen Yogurt,5
Dairy,http://www.eatbydate.com/dairy/,Egg Nog,http://www.eatbydate.com/how-long-does-egg-nog-last-shelf-life-expiration-date/,Chocolate Pudding,5
Dairy,http://www.eatbydate.com/dairy/,Egg Nog,http://www.eatbydate.com/how-long-does-egg-nog-last-shelf-life-expiration-date/,Pudding Prepared from Dry Mix,5
Dairy,http://www.eatbydate.com/dairy/,Egg Nog,http://www.eatbydate.com/how-long-does-egg-nog-last-shelf-life-expiration-date/,Homemade Pudding,5
Dairy,http://www.eatbydate.com/dairy/,Milk - Lactose-Free,http://www.eatbydate.com/dairy/milk/milk-shelf-life-expiration-date/,Homemade Beer,5
Dairy,http://www.eatbydate.com/dairy/,Milk - Lactose-Free,http://www.eatbydate.com/dairy/milk/milk-shelf-life-expiration-date/,Vodka,5
Drinks,http://www.eatbydate.com/drinks/,Apple Cider - Fresh,http://www.eatbydate.com/fruit-juice-shelf-life-expiration-date/,Homemade Guacamole,5
Drinks,http://www.eatbydate.com/drinks/,Apple Cider - Fresh,http://www.eatbydate.com/fruit-juice-shelf-life-expiration-date/,Apricots (Whole),5
Drinks,http://www.eatbydate.com/drinks/,Apple Cider - Fresh,http://www.eatbydate.com/fruit-juice-shelf-life-expiration-date/,Apricots (Cut),5
Drinks,http://www.eatbydate.com/drinks/,Apple Cider - Fresh,http://www.eatbydate.com/fruit-juice-shelf-life-expiration-date/,Fresh Whole Blueberries,5
Drinks,http://www.eatbydate.com/drinks/,Apple Cider - Fresh,http://www.eatbydate.com/fruit-juice-shelf-life-expiration-date/,Homemade Roasted Coconut,5
Fruits,http://www.eatbydate.com/fruits/,Bananas - Fresh,http://www.eatbydate.com/fruits/fresh/bananas-shelf-life-expiration-date/,Bread Crumbs,5
Vegetables,http://www.eatbydate.com/vegetables/,Asparagus,http://www.eatbydate.com/vegetables/fresh-vegetables/asparagus/,Pot Pie,5
Vegetables,http://www.eatbydate.com/vegetables/,Asparagus,http://www.eatbydate.com/vegetables/fresh-vegetables/asparagus/,Pie Crust Mix,5
Vegetables,http://www.eatbydate.com/vegetables/,Corn,http://www.eatbydate.com/vegetables/fresh-vegetables/corn/,Homemade Tortillas last,5
Vegetables,http://www.eatbydate.com/vegetables/,Corn,http://www.eatbydate.com/vegetables/fresh-vegetables/corn/,White Quinoa,5
Vegetables,http://www.eatbydate.com/vegetables/,Green Beans,http://www.eatbydate.com/vegetables/fresh-vegetables/green-beans/,Dried Beans,5
Vegetables,http://www.eatbydate.com/vegetables/,Green Beans,http://www.eatbydate.com/vegetables/fresh-vegetables/green-beans/,Canned Beans,5
Vegetables,http://www.eatbydate.com/vegetables/,Kale,http://www.eatbydate.com/vegetables/fresh-vegetables/kale/,Lentils (Dried),5
Vegetables,http://www.eatbydate.com/vegetables/,Lettuce,http://www.eatbydate.com/how-long-does-lettuce-last,Hummus,5
Vegetables,http://www.eatbydate.com/vegetables/,Mushrooms,http://www.eatbydate.com/vegetables/fresh-vegetables/mushrooms/,Beef or Steak,5
Vegetables,http://www.eatbydate.com/vegetables/,Salad,http://www.eatbydate.com/salad-shelf-life-expiration-date/,Fresh Hot Dogs last,5
Vegetables,http://www.eatbydate.com/vegetables/,Spinach,http://www.eatbydate.com/vegetables/fresh-vegetables/spinach/,Canned Salmon,5
Grains,http://www.eatbydate.com/grains/,Bread - Bakery,http://www.eatbydate.com/grains/baked-goods/bread-shelf-life-expiration-date/,Christmas Hard Candy (NOT individually wrapped),5
Grains,http://www.eatbydate.com/grains/,Bread - Bakery,http://www.eatbydate.com/grains/baked-goods/bread-shelf-life-expiration-date/,Gobstoppers,5
Grains,http://www.eatbydate.com/grains/,Cheesecake,http://www.eatbydate.com/grains/baked-goods/cheesecake-shelf-life/,Canned Cranberry Sauce  for,5
Grains,http://www.eatbydate.com/grains/,Cheesecake,http://www.eatbydate.com/grains/baked-goods/cheesecake-shelf-life/,Cranberry Juice  for,5
Grains,http://www.eatbydate.com/grains/,Cheesecake,http://www.eatbydate.com/grains/baked-goods/cheesecake-shelf-life/,Fresh (Homemade) Cranberry Sauce  for,5
Grains,http://www.eatbydate.com/grains/,Cheesecake,http://www.eatbydate.com/grains/baked-goods/cheesecake-shelf-life/,Dried Cranberries last for,5
Grains,http://www.eatbydate.com/grains/,Lasagna,http://www.eatbydate.com/grains/lasagna/,Gingerbread Cake,5
Grains,http://www.eatbydate.com/grains/,Lasagna,http://www.eatbydate.com/grains/lasagna/,Gingerbread Cookies last for,5
Grains,http://www.eatbydate.com/grains/,Lasagna,http://www.eatbydate.com/grains/lasagna/,Gingerbread Houses last,5
Grains,http://www.eatbydate.com/grains/,Oatmeal - Instant,http://www.eatbydate.com/grains/cereal/how-long-does-oatmeal-last-shelf-life-expiration-date-storage/,Sour Ropes last,5
Grains,http://www.eatbydate.com/grains/,Oreos,http://www.eatbydate.com/sweets/oreos-shelf-life-expiration-date/,Homemade Jam,5
Proteins,http://www.eatbydate.com/proteins/,Bologna,http://www.eatbydate.com/deli-meat-shelf-life-expiration-date/,Imitation Vanilla Extract  for,5
Proteins,http://www.eatbydate.com/proteins/,Bologna,http://www.eatbydate.com/deli-meat-shelf-life-expiration-date/,Balsamic Vinegar,5
Dairy,http://www.eatbydate.com/dairy/,Almond Milk,http://www.eatbydate.com/soy-rice-almond-milk-substitutes-shelf-life-expiration-date/,Coconut Milk,7
Dairy,http://www.eatbydate.com/dairy/,Almond Milk,http://www.eatbydate.com/soy-rice-almond-milk-substitutes-shelf-life-expiration-date/,Hemp Milk,7
Dairy,http://www.eatbydate.com/dairy/,Almond Milk,http://www.eatbydate.com/soy-rice-almond-milk-substitutes-shelf-life-expiration-date/,All Milk Alternatives,7
Dairy,http://www.eatbydate.com/dairy/,Almond Milk,http://www.eatbydate.com/soy-rice-almond-milk-substitutes-shelf-life-expiration-date/,"Hard Cheese (Parmesan, Asiago, Romano)",7
Dairy,http://www.eatbydate.com/dairy/,Almond Milk,http://www.eatbydate.com/soy-rice-almond-milk-substitutes-shelf-life-expiration-date/,Shredded Hard Cheese,7
Dairy,http://www.eatbydate.com/dairy/,Brie Cheese,http://www.eatbydate.com/dairy/cheese/brie-feta-mozzarella-soft-cheese-shelf-life-expiration-date/,Half and Half,7
Dairy,http://www.eatbydate.com/dairy/,Brie Cheese,http://www.eatbydate.com/dairy/cheese/brie-feta-mozzarella-soft-cheese-shelf-life-expiration-date/,Whipping Cream,7
Dairy,http://www.eatbydate.com/dairy/,Coffee Cream,http://www.eatbydate.com/dairy-coffee-cream-shelf-life-expiration-date/,Coffee-mate Powder,7
Dairy,http://www.eatbydate.com/dairy/,Coffee Cream,http://www.eatbydate.com/dairy-coffee-cream-shelf-life-expiration-date/,Liquid Coffee-mate,7
Dairy,http://www.eatbydate.com/dairy/,Coffee Cream,http://www.eatbydate.com/dairy-coffee-cream-shelf-life-expiration-date/,Reduced Fat Cream Cheese  for,7
Dairy,http://www.eatbydate.com/dairy/,Cottage Cheese,http://www.eatbydate.com/cottage-cheese-shelf-life-expiration-date/,All Eggnogs last,7
Dairy,http://www.eatbydate.com/dairy/,Cottage Cheese,http://www.eatbydate.com/cottage-cheese-shelf-life-expiration-date/,Evaporated Milk,7
Dairy,http://www.eatbydate.com/dairy/,Frozen Yogurt,http://www.eatbydate.com/dairy/yogurt-shelf-life-expiration-date/,Bottled Apple Juice,7
Dairy,http://www.eatbydate.com/dairy/,Frozen Yogurt,http://www.eatbydate.com/dairy/yogurt-shelf-life-expiration-date/,Canned Hawaiian Punch,7
Dairy,http://www.eatbydate.com/dairy/,Frozen Yogurt,http://www.eatbydate.com/dairy/yogurt-shelf-life-expiration-date/,Cranberry Juice Cocktail,7
Dairy,http://www.eatbydate.com/dairy/,Milk - Lactose-Free,http://www.eatbydate.com/dairy/milk/milk-shelf-life-expiration-date/,Minute Maid Juice Boxes last,7
Dairy,http://www.eatbydate.com/dairy/,Milk - Lactose-Free,http://www.eatbydate.com/dairy/milk/milk-shelf-life-expiration-date/,Capri Sun juice Boxes last,7
Dairy,http://www.eatbydate.com/dairy/,Milk - Lactose-Free,http://www.eatbydate.com/dairy/milk/milk-shelf-life-expiration-date/,Canned Beer,7
Dairy,http://www.eatbydate.com/dairy/,Milk - Lactose-Free,http://www.eatbydate.com/dairy/milk/milk-shelf-life-expiration-date/,Bottled Beer,7
Dairy,http://www.eatbydate.com/dairy/,Sour Cream - Regular,http://www.eatbydate.com/sour-cream-shelf-life-expiration-date/,K Cups Tea,7
Drinks,http://www.eatbydate.com/drinks/,Apple Cider - Fresh,http://www.eatbydate.com/fruit-juice-shelf-life-expiration-date/,Open Dried Fruit,7
Drinks,http://www.eatbydate.com/drinks/,Apple Cider - Fresh,http://www.eatbydate.com/fruit-juice-shelf-life-expiration-date/,Fresh Avocados last,7
Drinks,http://www.eatbydate.com/drinks/,Apple Cider - Fresh,http://www.eatbydate.com/fruit-juice-shelf-life-expiration-date/,Fresh Coconuts last,7
Fruits,http://www.eatbydate.com/fruits/,Coconut - Dried,http://www.eatbydate.com/how-long-do-coconuts-last-shelf-life/,Bakery Cake,7
Fruits,http://www.eatbydate.com/fruits/,Pumpkin - Canned,http://www.eatbydate.com/fruits/fresh/how-long-does-pumpkin-last/,Fresh Pasta,7
Fruits,http://www.eatbydate.com/fruits/,Pumpkin - Canned,http://www.eatbydate.com/fruits/fresh/how-long-does-pumpkin-last/,Fresh Noodles last,7
Fruits,http://www.eatbydate.com/fruits/,Tomatoes - Fresh,http://www.eatbydate.com/tomatoes-shelf-life-expiration-date/,Custard Pie,7
Vegetables,http://www.eatbydate.com/vegetables/,Carrots,http://www.eatbydate.com/how-long-do-carrots-last-shelf-life/,White Rice,7
Vegetables,http://www.eatbydate.com/vegetables/,Canned Vegetables,http://www.eatbydate.com/vegetables/canned-vegetables-shelf-life-expiration-date/,Minute Rice,7
Vegetables,http://www.eatbydate.com/vegetables/,Canned Vegetables,http://www.eatbydate.com/vegetables/canned-vegetables-shelf-life-expiration-date/,Packaged Dry Stuffing,7
Vegetables,http://www.eatbydate.com/vegetables/,Canned Vegetables,http://www.eatbydate.com/vegetables/canned-vegetables-shelf-life-expiration-date/,Stove Top Stuffing Mix,7
Vegetables,http://www.eatbydate.com/vegetables/,Cauliflower,http://www.eatbydate.com/vegetables/fresh-vegetables/cauliflower/,Flour Tortillas last,7
Vegetables,http://www.eatbydate.com/vegetables/,Celery,http://www.eatbydate.com/how-long-does-celery-last-shelf-life/,Whole Wheat Tortillas last,7
Vegetables,http://www.eatbydate.com/vegetables/,Cucumbers,http://www.eatbydate.com/how-long-do-cucumbers-last-shelf-life-expiration-date/,Quinoa,7
Vegetables,http://www.eatbydate.com/vegetables/,Cucumbers,http://www.eatbydate.com/how-long-do-cucumbers-last-shelf-life-expiration-date/,Almonds last,7
Vegetables,http://www.eatbydate.com/vegetables/,Cucumbers,http://www.eatbydate.com/how-long-do-cucumbers-last-shelf-life-expiration-date/,Brazil Nuts last,7
Vegetables,http://www.eatbydate.com/vegetables/,Cucumbers,http://www.eatbydate.com/how-long-do-cucumbers-last-shelf-life-expiration-date/,Cashews last,7
Vegetables,http://www.eatbydate.com/vegetables/,Lettuce,http://www.eatbydate.com/how-long-does-lettuce-last,Cooked Beans,7
Vegetables,http://www.eatbydate.com/vegetables/,Lettuce,http://www.eatbydate.com/how-long-does-lettuce-last,Bean Sprouts,7
Vegetables,http://www.eatbydate.com/vegetables/,Mushrooms,http://www.eatbydate.com/vegetables/fresh-vegetables/mushrooms/,Steak last,7
Vegetables,http://www.eatbydate.com/vegetables/,Mushrooms,http://www.eatbydate.com/vegetables/fresh-vegetables/mushrooms/,Canned Beef (Opened),7
Vegetables,http://www.eatbydate.com/vegetables/,Pumpkin,http://www.eatbydate.com/how-long-does-pumpkin-last/,Flax Seeds last,7
Vegetables,http://www.eatbydate.com/vegetables/,Pumpkin,http://www.eatbydate.com/how-long-does-pumpkin-last/,Flax Meal,7
Vegetables,http://www.eatbydate.com/vegetables/,Tomatoes,http://www.eatbydate.com/tomatoes-shelf-life-expiration-date,Baking Soda,7
Vegetables,http://www.eatbydate.com/vegetables/,Vegetables - Canned,http://www.eatbydate.com/canned-vegetables-shelf-life-expiration-date/,Muffin Mix,7
Vegetables,http://www.eatbydate.com/vegetables/,Vegetables - Canned,http://www.eatbydate.com/canned-vegetables-shelf-life-expiration-date/,Brownie Mix,7
Vegetables,http://www.eatbydate.com/vegetables/,Vegetables - Canned,http://www.eatbydate.com/canned-vegetables-shelf-life-expiration-date/,Granulated White Sugar,7
Grains,http://www.eatbydate.com/grains/,Cookies - Bakery,http://www.eatbydate.com/grains/baked-goods/cookies-shelf-life-expiration-date/,Fish Sauce,7
Grains,http://www.eatbydate.com/grains/,Tortillas - Flour,http://www.eatbydate.com/grains/baked-goods/how-long-do-tortillas-last-shelf-life-expiration-date/,Bay Leaves,7
Grains,http://www.eatbydate.com/grains/,Tortillas - Flour,http://www.eatbydate.com/grains/baked-goods/how-long-do-tortillas-last-shelf-life-expiration-date/,Black Pepper,7
Grains,http://www.eatbydate.com/grains/,Tortillas - Flour,http://www.eatbydate.com/grains/baked-goods/how-long-do-tortillas-last-shelf-life-expiration-date/,Caraway Seeds,7
Grains,http://www.eatbydate.com/grains/,Tortillas - Flour,http://www.eatbydate.com/grains/baked-goods/how-long-do-tortillas-last-shelf-life-expiration-date/,Cardaman,7
Proteins,http://www.eatbydate.com/proteins/,Bacon - Cooked,http://www.eatbydate.com/bacon-shelf-life-expiration-date/,Maple,7
Proteins,http://www.eatbydate.com/proteins/,Bacon - Cooked,http://www.eatbydate.com/bacon-shelf-life-expiration-date/,Marjoram,7
Proteins,http://www.eatbydate.com/proteins/,Beef - Cooked,http://www.eatbydate.com/proteins/meats/beef-shelf-life-expiration-date/,Thyme,7
Proteins,http://www.eatbydate.com/proteins/,Beef - Cooked,http://www.eatbydate.com/proteins/meats/beef-shelf-life-expiration-date/,Wasabi,7
Proteins,http://www.eatbydate.com/proteins/,Beef - Cooked,http://www.eatbydate.com/proteins/meats/beef-shelf-life-expiration-date/,Pure Maple Syrup,7
Proteins,http://www.eatbydate.com/proteins/,Beef - Cooked,http://www.eatbydate.com/proteins/meats/beef-shelf-life-expiration-date/,Pancake Syrup,7
Proteins,http://www.eatbydate.com/proteins/,Bologna,http://www.eatbydate.com/deli-meat-shelf-life-expiration-date/,Vanilla Beans last for,7
Proteins,http://www.eatbydate.com/proteins/,Bologna,http://www.eatbydate.com/deli-meat-shelf-life-expiration-date/,Raspberry Vinegar,7
Vegetables,http://www.eatbydate.com/vegetables/,Broccoli,http://www.eatbydate.com/vegetables/fresh-vegetables/broccoli/,Frozen Puff Pastry,8
Dairy,http://www.eatbydate.com/dairy/,Brie Cheese,http://www.eatbydate.com/dairy/cheese/brie-feta-mozzarella-soft-cheese-shelf-life-expiration-date/,Light Cream,10
Dairy,http://www.eatbydate.com/dairy/,Brie Cheese,http://www.eatbydate.com/dairy/cheese/brie-feta-mozzarella-soft-cheese-shelf-life-expiration-date/,Heavy Cream,10
Dairy,http://www.eatbydate.com/dairy/,Brie Cheese,http://www.eatbydate.com/dairy/cheese/brie-feta-mozzarella-soft-cheese-shelf-life-expiration-date/,Double Cream,10
Dairy,http://www.eatbydate.com/dairy/,Brie Cheese,http://www.eatbydate.com/dairy/cheese/brie-feta-mozzarella-soft-cheese-shelf-life-expiration-date/,Canned Dream Whip,10
Dairy,http://www.eatbydate.com/dairy/,Brie Cheese,http://www.eatbydate.com/dairy/cheese/brie-feta-mozzarella-soft-cheese-shelf-life-expiration-date/,Cool Whip,10
Dairy,http://www.eatbydate.com/dairy/,Coffee Cream,http://www.eatbydate.com/dairy-coffee-cream-shelf-life-expiration-date/,Powder Coffee-mate,10
Dairy,http://www.eatbydate.com/dairy/,Coffee Cream,http://www.eatbydate.com/dairy-coffee-cream-shelf-life-expiration-date/,Cream Cheese  for,10
Dairy,http://www.eatbydate.com/dairy/,Cream Cheese - Regular,http://www.eatbydate.com/cream-cheese-shelf-life-expiration-date/,Reduced-Fat Milk,10
Dairy,http://www.eatbydate.com/dairy/,Frozen Yogurt,http://www.eatbydate.com/dairy/yogurt-shelf-life-expiration-date/,Canned Apple Juice,10
Dairy,http://www.eatbydate.com/dairy/,Frozen Yogurt,http://www.eatbydate.com/dairy/yogurt-shelf-life-expiration-date/,Bottled Grape Juice,10
Dairy,http://www.eatbydate.com/dairy/,Sour Cream - Regular,http://www.eatbydate.com/sour-cream-shelf-life-expiration-date/,Gatorade Dry Powder,10
Dairy,http://www.eatbydate.com/dairy/,Sour Cream - Regular,http://www.eatbydate.com/sour-cream-shelf-life-expiration-date/,All Sport Drinks last,10
Drinks,http://www.eatbydate.com/drinks/,White Wine - Bottle,http://www.eatbydate.com/wine-shelf-life-expiration-date/,Pasta Salad (Non-mayonnaise),10
Vegetables,http://www.eatbydate.com/vegetables/,Broccoli,http://www.eatbydate.com/vegetables/fresh-vegetables/broccoli/,Refrigerator Pie Crust,10
Vegetables,http://www.eatbydate.com/vegetables/,Cucumbers,http://www.eatbydate.com/how-long-do-cucumbers-last-shelf-life-expiration-date/,Hazelnuts last,10
Vegetables,http://www.eatbydate.com/vegetables/,Kale,http://www.eatbydate.com/vegetables/fresh-vegetables/kale/,Fresh Green Beans,10
Vegetables,http://www.eatbydate.com/vegetables/,Peppers,http://www.eatbydate.com/vegetables/fresh-vegetables/bell-peppers/,Spam,10
Vegetables,http://www.eatbydate.com/vegetables/,Peppers,http://www.eatbydate.com/vegetables/fresh-vegetables/bell-peppers/,Canned Chicken,10
Vegetables,http://www.eatbydate.com/vegetables/,Peppers,http://www.eatbydate.com/vegetables/fresh-vegetables/bell-peppers/,Canned Tuna,10
Grains,http://www.eatbydate.com/grains/,Cupcakes - Bakery,http://www.eatbydate.com/grains/baked-goods/how-long-do-cupcakes-last-shelf-life/,Fresh Ginger Root,10
Grains,http://www.eatbydate.com/grains/,Pie - Fruit,http://www.eatbydate.com/grains/baked-goods/pie-shelf-life-expiration-date/,Dijon Mustard,10
Grains,http://www.eatbydate.com/grains/,Pop Tarts,http://www.eatbydate.com/grains/baked-goods/how-long-do-pop-tarts-last-shelf-life-expiration-date,Purchased Powdered Pesto Mix,10
Proteins,http://www.eatbydate.com/proteins/,Bacon - Cooked,http://www.eatbydate.com/bacon-shelf-life-expiration-date/,Liquid Smoke,10
Proteins,http://www.eatbydate.com/proteins/,Beef - Cooked,http://www.eatbydate.com/proteins/meats/beef-shelf-life-expiration-date/,Tarragon,10
Proteins,http://www.eatbydate.com/proteins/,Bologna,http://www.eatbydate.com/deli-meat-shelf-life-expiration-date/,White Vinegar,10
Proteins,http://www.eatbydate.com/proteins/,Bologna,http://www.eatbydate.com/deli-meat-shelf-life-expiration-date/,Rice Wine Vinegar,10
Dairy,http://www.eatbydate.com/dairy/,Asiago Cheese,http://www.eatbydate.com/dairy/cheese/cheese-shelf-life-expiration-date/,,14
Dairy,http://www.eatbydate.com/dairy/,Butter,http://www.eatbydate.com/dairy/spreads/butter-shelf-life-expiration-date/,Muenster Cheese,14
Dairy,http://www.eatbydate.com/dairy/,Sour Cream - Regular,http://www.eatbydate.com/sour-cream-shelf-life-expiration-date/,K Cups Coffee,14
Vegetables,http://www.eatbydate.com/vegetables/,Cauliflower,http://www.eatbydate.com/vegetables/fresh-vegetables/cauliflower/,Homemade Stuffing,14
Dairy,http://www.eatbydate.com/dairy/,Butter,http://www.eatbydate.com/dairy/spreads/butter-shelf-life-expiration-date/,Havarti Cheese,18
Dairy,http://www.eatbydate.com/dairy/,Coffee Cream,http://www.eatbydate.com/dairy-coffee-cream-shelf-life-expiration-date/,Cottage Cheese  for,18
Dairy,http://www.eatbydate.com/dairy/,Coffee Cream,http://www.eatbydate.com/dairy-coffee-cream-shelf-life-expiration-date/,Ricotta Cheese  for,18
Dairy,http://www.eatbydate.com/dairy/,Cream Cheese - Regular,http://www.eatbydate.com/cream-cheese-shelf-life-expiration-date/,Margarine,18
Dairy,http://www.eatbydate.com/dairy/,Cream Cheese - Regular,http://www.eatbydate.com/cream-cheese-shelf-life-expiration-date/,Non-Fat Milk,18
Dairy,http://www.eatbydate.com/dairy/,Frozen Yogurt,http://www.eatbydate.com/dairy/yogurt-shelf-life-expiration-date/,Orange Juice,18
Dairy,http://www.eatbydate.com/dairy/,Sweetened Condensed Milk,http://www.eatbydate.com/how-long-does-condensed-milk-last-shelf-life/,Prepared Tea,18
Drinks,http://www.eatbydate.com/drinks/,Apple Cider - Fresh,http://www.eatbydate.com/fruit-juice-shelf-life-expiration-date/,Fresh Bananas,18
Fruits,http://www.eatbydate.com/fruits/,Dried Fruit,http://www.eatbydate.com/dried-fruit-shelf-life-expiration-date,Frozen Sweet Potatoes last,18
Fruits,http://www.eatbydate.com/fruits/,Apricots - Dried,http://www.eatbydate.com/dried-fruit-shelf-life-expiration-date/,Packaged Bagels (Soft),18
Fruits,http://www.eatbydate.com/fruits/,Oranges - Dried,http://www.eatbydate.com/fruits/fresh/how-long-do-oranges-last-shelf-life-expiration-date/,Instant Oatmeal,18
Vegetables,http://www.eatbydate.com/vegetables/,Peppers,http://www.eatbydate.com/vegetables/fresh-vegetables/bell-peppers/,Pepperoni,18
Vegetables,http://www.eatbydate.com/vegetables/,Potatoes,http://www.eatbydate.com/potatoes-shelf-life-expiration-date/,Homemade Chicken Broth,18
Vegetables,http://www.eatbydate.com/vegetables/,Potatoes,http://www.eatbydate.com/potatoes-shelf-life-expiration-date/,Fresh Chicken,18
Vegetables,http://www.eatbydate.com/vegetables/,Potatoes,http://www.eatbydate.com/potatoes-shelf-life-expiration-date/,Cooked Chicken,18
Grains,http://www.eatbydate.com/grains/,Cookies - Bakery,http://www.eatbydate.com/grains/baked-goods/cookies-shelf-life-expiration-date/,Flour,18
Grains,http://www.eatbydate.com/grains/,Cookies - Bakery,http://www.eatbydate.com/grains/baked-goods/cookies-shelf-life-expiration-date/,Corn Flour,18
Grains,http://www.eatbydate.com/grains/,Oreos,http://www.eatbydate.com/sweets/oreos-shelf-life-expiration-date/,Blackberry Jam,18
Proteins,http://www.eatbydate.com/proteins/,Bologna,http://www.eatbydate.com/deli-meat-shelf-life-expiration-date/,Red Wine Vinegar,18
Dairy,http://www.eatbydate.com/dairy/,Asiago Cheese,http://www.eatbydate.com/dairy/cheese/cheese-shelf-life-expiration-date/,Butter,24
Dairy,http://www.eatbydate.com/dairy/,Cream Cheese - Regular,http://www.eatbydate.com/cream-cheese-shelf-life-expiration-date/,Yogurt With Fruit,24
Dairy,http://www.eatbydate.com/dairy/,Cream Cheese - Regular,http://www.eatbydate.com/cream-cheese-shelf-life-expiration-date/,All Opened Yogurt,24
Dairy,http://www.eatbydate.com/dairy/,Cream Cheese - Regular,http://www.eatbydate.com/cream-cheese-shelf-life-expiration-date/,Ice Cream,24
Dairy,http://www.eatbydate.com/dairy/,Pudding,http://www.eatbydate.com/dairy/pudding-shelf-life-expiration-date/,Instant Coffee,24
Dairy,http://www.eatbydate.com/dairy/,Pudding,http://www.eatbydate.com/dairy/pudding-shelf-life-expiration-date/,Coffee Beans last,24
Vegetables,http://www.eatbydate.com/vegetables/,Carrots,http://www.eatbydate.com/how-long-do-carrots-last-shelf-life/,Pop Tarts,24
Vegetables,http://www.eatbydate.com/vegetables/,Celery,http://www.eatbydate.com/how-long-does-celery-last-shelf-life/,Corn Tortillas last,24
Proteins,http://www.eatbydate.com/proteins/,Bologna,http://www.eatbydate.com/deli-meat-shelf-life-expiration-date/,Apple Cider Vinegar,24
Dairy,http://www.eatbydate.com/dairy/,Almond Milk,http://www.eatbydate.com/soy-rice-almond-milk-substitutes-shelf-life-expiration-date/,Soy Milk,30
Dairy,http://www.eatbydate.com/dairy/,Almond Milk,http://www.eatbydate.com/soy-rice-almond-milk-substitutes-shelf-life-expiration-date/,Almond Milk,30
Dairy,http://www.eatbydate.com/dairy/,Almond Milk,http://www.eatbydate.com/soy-rice-almond-milk-substitutes-shelf-life-expiration-date/,Rice Milk,30
Dairy,http://www.eatbydate.com/dairy/,Almond Milk,http://www.eatbydate.com/soy-rice-almond-milk-substitutes-shelf-life-expiration-date/,Cocount Milk,30
Dairy,http://www.eatbydate.com/dairy/,Asiago Cheese,http://www.eatbydate.com/dairy/cheese/cheese-shelf-life-expiration-date/,Infant/Baby Formula Liquid,30
Dairy,http://www.eatbydate.com/dairy/,Butter,http://www.eatbydate.com/dairy/spreads/butter-shelf-life-expiration-date/,Feta Cheese,30
Dairy,http://www.eatbydate.com/dairy/,Pudding,http://www.eatbydate.com/dairy/pudding-shelf-life-expiration-date/,Instant Coffee (freeze dried),30
Vegetables,http://www.eatbydate.com/vegetables/,Carrots,http://www.eatbydate.com/how-long-do-carrots-last-shelf-life/,Baked Puff Pastry,30
Dairy,http://www.eatbydate.com/dairy/,Asiago Cheese,http://www.eatbydate.com/dairy/cheese/cheese-shelf-life-expiration-date/,Infant/Baby Formula Powder,35
Dairy,http://www.eatbydate.com/dairy/,Asiago Cheese,http://www.eatbydate.com/dairy/cheese/cheese-shelf-life-expiration-date/,Butter with oil,35
Vegetables,http://www.eatbydate.com/vegetables/,Onions,http://www.eatbydate.com/how-long-do-onions-last-shelf-life/,Pre-packaged Deli Meats last,35
Grains,http://www.eatbydate.com/grains/,Pie - Fruit,http://www.eatbydate.com/grains/baked-goods/pie-shelf-life-expiration-date/,Marshmallow Peeps last,35
Grains,http://www.eatbydate.com/grains/,Pie - Fruit,http://www.eatbydate.com/grains/baked-goods/pie-shelf-life-expiration-date/,Marshmallow Fluff,42
Proteins,http://www.eatbydate.com/proteins/,Bacon - Cooked,http://www.eatbydate.com/bacon-shelf-life-expiration-date/,Mint,42
Dairy,http://www.eatbydate.com/dairy/,Asiago Cheese,http://www.eatbydate.com/dairy/cheese/cheese-shelf-life-expiration-date/,"Hard Cheese Chunk (Parmesan, Asiago, Romano)",45
Dairy,http://www.eatbydate.com/dairy/,Asiago Cheese,http://www.eatbydate.com/dairy/cheese/cheese-shelf-life-expiration-date/,Semi-Hard Cheese Chunk,45
Dairy,http://www.eatbydate.com/dairy/,Coffee-Mate - Liquid,http://www.eatbydate.com/how-long-does-coffee-mate-last-shelf-life/,Eggnog,45
Dairy,http://www.eatbydate.com/dairy/,Ice Cream,http://www.eatbydate.com/dairy/ice-cream-shelf-life-expiration-date/,Mango Juice,45
Dairy,http://www.eatbydate.com/dairy/,Margarine,http://www.eatbydate.com/how-long-does-margarine-last-shelf-life-expiration-date/,Fruit Juice Concentrate,45
Drinks,http://www.eatbydate.com/drinks/,White Wine - Bottle,http://www.eatbydate.com/wine-shelf-life-expiration-date/,Fresh Fruit Salad  for,45
Fruits,http://www.eatbydate.com/fruits/,Dried Fruit,http://www.eatbydate.com/dried-fruit-shelf-life-expiration-date,Canned Sweet Potatoes last,45
Fruits,http://www.eatbydate.com/fruits/,Apricots - Dried,http://www.eatbydate.com/dried-fruit-shelf-life-expiration-date/,Cooked Winter Squash  for,45
Vegetables,http://www.eatbydate.com/vegetables/,Garlic,http://www.eatbydate.com/how-long-does-garlic-last-shelf-life,Bacon Bits last,45
Vegetables,http://www.eatbydate.com/vegetables/,Salsa,http://www.eatbydate.com/vegetables/fresh-vegetables/salsa-shelf-life-expiration-date/,Smooth Peanut Butter,45
Grains,http://www.eatbydate.com/grains/,Cookies - Bakery,http://www.eatbydate.com/grains/baked-goods/cookies-shelf-life-expiration-date/,Crisco Sticks,45
Grains,http://www.eatbydate.com/grains/,Cookies - Bakery,http://www.eatbydate.com/grains/baked-goods/cookies-shelf-life-expiration-date/,Dry Ice,45
Proteins,http://www.eatbydate.com/proteins/,Almonds,http://www.eatbydate.com/how-long-do-nuts-last-shelf-life-expiration-date/,Jerk Seasoning,45
Dairy,http://www.eatbydate.com/dairy/,Butter,http://www.eatbydate.com/dairy/spreads/butter-shelf-life-expiration-date/,Monterey Jack Cheese,60
Drinks,http://www.eatbydate.com/drinks/,Gatorade - Bottles,http://www.eatbydate.com/sport-drinks-shelf-life-expiration-date/,Fresh Cauliflower,60
Drinks,http://www.eatbydate.com/drinks/,Tea - Bags,http://www.eatbydate.com/tea-shelf-life-expiration-date/,Fresh Orange Bell Peppers,60
Vegetables,http://www.eatbydate.com/vegetables/,Winter Squash,http://www.eatbydate.com/how-long-does-winter-squash-last/,Raw Sugar,60
Vegetables,http://www.eatbydate.com/vegetables/,Winter Squash,http://www.eatbydate.com/how-long-does-winter-squash-last/,Brown Sugar,60
Vegetables,http://www.eatbydate.com/vegetables/,Winter Squash,http://www.eatbydate.com/how-long-does-winter-squash-last/,Powdered Sugar,60
Dairy,http://www.eatbydate.com/dairy/,Coffee Cream,http://www.eatbydate.com/dairy-coffee-cream-shelf-life-expiration-date/,Cream Cheese,75
Dairy,http://www.eatbydate.com/dairy/,Coffee Cream,http://www.eatbydate.com/dairy-coffee-cream-shelf-life-expiration-date/,Flavored Cream Cheese,75
Dairy,http://www.eatbydate.com/dairy/,Ice Cream,http://www.eatbydate.com/dairy/ice-cream-shelf-life-expiration-date/,Welch's Grape Juice,75
Dairy,http://www.eatbydate.com/dairy/,Ice Cream,http://www.eatbydate.com/dairy/ice-cream-shelf-life-expiration-date/,Guava Juice,75
Drinks,http://www.eatbydate.com/drinks/,Apple Cider - Fresh,http://www.eatbydate.com/fruit-juice-shelf-life-expiration-date/,Craisins last,75
Drinks,http://www.eatbydate.com/drinks/,Apple Cider - Fresh,http://www.eatbydate.com/fruit-juice-shelf-life-expiration-date/,Dried Apricots,75
Drinks,http://www.eatbydate.com/drinks/,Apple Cider - Fresh,http://www.eatbydate.com/fruit-juice-shelf-life-expiration-date/,Dried Plums,75
Drinks,http://www.eatbydate.com/drinks/,Apple Cider - Fresh,http://www.eatbydate.com/fruit-juice-shelf-life-expiration-date/,Figs,75
Fruits,http://www.eatbydate.com/fruits/,Coconut - Dried,http://www.eatbydate.com/how-long-do-coconuts-last-shelf-life/,Fruit Cake,75
Fruits,http://www.eatbydate.com/fruits/,Pumpkin - Canned,http://www.eatbydate.com/fruits/fresh/how-long-does-pumpkin-last/,Oreos,75
Vegetables,http://www.eatbydate.com/vegetables/,Pumpkin,http://www.eatbydate.com/how-long-does-pumpkin-last/,Cooked Fish,75
Dairy,http://www.eatbydate.com/dairy/,Asiago Cheese,http://www.eatbydate.com/dairy/cheese/cheese-shelf-life-expiration-date/,Sliced Semi-Hard Cheese,90
Dairy,http://www.eatbydate.com/dairy/,Coffee-Mate - Liquid,http://www.eatbydate.com/how-long-does-coffee-mate-last-shelf-life/,All Cream Cheese  for,90
Fruits,http://www.eatbydate.com/fruits/,Lemons - Fresh,http://www.eatbydate.com/how-long-do-lemons-last/,Bakery Cupcakes,90
Proteins,http://www.eatbydate.com/proteins/,Almonds,http://www.eatbydate.com/how-long-do-nuts-last-shelf-life-expiration-date/,Lavender,90
Fruits,http://www.eatbydate.com/fruits/,Dried Fruit,http://www.eatbydate.com/dried-fruit-shelf-life-expiration-date,Crooked Neck Squash,100
Fruits,http://www.eatbydate.com/fruits/,Dried Fruit,http://www.eatbydate.com/dried-fruit-shelf-life-expiration-date,Sweet Potato Fries last,100
Fruits,http://www.eatbydate.com/fruits/,Apricots - Dried,http://www.eatbydate.com/dried-fruit-shelf-life-expiration-date/,Winter Squash,100
Fruits,http://www.eatbydate.com/fruits/,Apricots - Dried,http://www.eatbydate.com/dried-fruit-shelf-life-expiration-date/,Bakery Bread,100
Grains,http://www.eatbydate.com/grains/,Bread - Bakery,http://www.eatbydate.com/grains/baked-goods/bread-shelf-life-expiration-date/,Chocolate Truffles last,100
Grains,http://www.eatbydate.com/grains/,Bread - Bakery,http://www.eatbydate.com/grains/baked-goods/bread-shelf-life-expiration-date/,Belgian Chocolate,100
Proteins,http://www.eatbydate.com/proteins/,Almonds,http://www.eatbydate.com/how-long-do-nuts-last-shelf-life-expiration-date/,Cream of Tartar,100
Dairy,http://www.eatbydate.com/dairy/,Egg Nog,http://www.eatbydate.com/how-long-does-egg-nog-last-shelf-life-expiration-date/,Vanilla Pudding,120
Dairy,http://www.eatbydate.com/dairy/,Ice Cream,http://www.eatbydate.com/dairy/ice-cream-shelf-life-expiration-date/,Grapefruit Juice,120
Dairy,http://www.eatbydate.com/dairy/,Margarine,http://www.eatbydate.com/how-long-does-margarine-last-shelf-life-expiration-date/,Ocean Spray Cranberry Juice,120
Drinks,http://www.eatbydate.com/drinks/,7-Up Can,http://www.eatbydate.com/how-long-does-coke-last-shelf-life-expiration-date/,Bottled Red Wine,120
Drinks,http://www.eatbydate.com/drinks/,7-Up Can,http://www.eatbydate.com/how-long-does-coke-last-shelf-life-expiration-date/,Wine juice boxes last,120
Drinks,http://www.eatbydate.com/drinks/,7-Up Can,http://www.eatbydate.com/how-long-does-coke-last-shelf-life-expiration-date/,White Wine,120
Drinks,http://www.eatbydate.com/drinks/,Apple Cider - Fresh,http://www.eatbydate.com/fruit-juice-shelf-life-expiration-date/,Dried Cherries,120
Drinks,http://www.eatbydate.com/drinks/,Apple Cider - Fresh,http://www.eatbydate.com/fruit-juice-shelf-life-expiration-date/,Dates,120
Drinks,http://www.eatbydate.com/drinks/,Apple Cider - Fresh,http://www.eatbydate.com/fruit-juice-shelf-life-expiration-date/,Dried Blueberries,120
Drinks,http://www.eatbydate.com/drinks/,Apple Cider - Fresh,http://www.eatbydate.com/fruit-juice-shelf-life-expiration-date/,Banana Chips,120
Drinks,http://www.eatbydate.com/drinks/,Beer - Cans,http://www.eatbydate.com/how-long-does-beer-last-shelf-life/,Maraschino Cherries last,120
Drinks,http://www.eatbydate.com/drinks/,Beer - Cans,http://www.eatbydate.com/how-long-does-beer-last-shelf-life/,Frozen Fruit,120
Drinks,http://www.eatbydate.com/drinks/,Beer - Cans,http://www.eatbydate.com/how-long-does-beer-last-shelf-life/,Fresh Figs,120
Drinks,http://www.eatbydate.com/drinks/,Coffee - Ground,http://www.eatbydate.com/coffee-shelf-life-expiration-date/,Fresh Pumpkins last,120
Drinks,http://www.eatbydate.com/drinks/,Coffee - Ground,http://www.eatbydate.com/coffee-shelf-life-expiration-date/,Canned Pumpkin,120
Drinks,http://www.eatbydate.com/drinks/,Coffee - Ground,http://www.eatbydate.com/coffee-shelf-life-expiration-date/,Cooked Pumpkin,120
Drinks,http://www.eatbydate.com/drinks/,Kcup Coffee,http://www.eatbydate.com/how-long-do-kcups-last-shelf-life/,Pickling Cukes,120
Drinks,http://www.eatbydate.com/drinks/,Kcup Coffee,http://www.eatbydate.com/how-long-do-kcups-last-shelf-life/,Sliced Cucumbers,120
Drinks,http://www.eatbydate.com/drinks/,Tea - Bags,http://www.eatbydate.com/tea-shelf-life-expiration-date/,Frozen Onions last for,120
Drinks,http://www.eatbydate.com/drinks/,Tea - Bags,http://www.eatbydate.com/tea-shelf-life-expiration-date/,Fresh (Whole) Green Bell Peppers last,120
Drinks,http://www.eatbydate.com/drinks/,Tea - Bags,http://www.eatbydate.com/tea-shelf-life-expiration-date/,Fresh Red Bell Peppers (Whole),120
Drinks,http://www.eatbydate.com/drinks/,White Wine - Bottle,http://www.eatbydate.com/wine-shelf-life-expiration-date/,Salsa (Jar),120
Fruits,http://www.eatbydate.com/fruits/,Dried Fruit,http://www.eatbydate.com/dried-fruit-shelf-life-expiration-date,Cream Based Pasta Sauce,120
Fruits,http://www.eatbydate.com/fruits/,Dried Fruit,http://www.eatbydate.com/dried-fruit-shelf-life-expiration-date,Oil Based Pasta Sauce,120
Fruits,http://www.eatbydate.com/fruits/,Dried Fruit,http://www.eatbydate.com/dried-fruit-shelf-life-expiration-date,Dry Package Pasta Sauce Mix,120
Fruits,http://www.eatbydate.com/fruits/,Dried Fruit,http://www.eatbydate.com/dried-fruit-shelf-life-expiration-date,Fresh Spinach,120
Fruits,http://www.eatbydate.com/fruits/,Dried Fruit,http://www.eatbydate.com/dried-fruit-shelf-life-expiration-date,Fresh Summer Squash,120
Fruits,http://www.eatbydate.com/fruits/,Dried Fruit,http://www.eatbydate.com/dried-fruit-shelf-life-expiration-date,Zucchini,120
Fruits,http://www.eatbydate.com/fruits/,Dried Fruit,http://www.eatbydate.com/dried-fruit-shelf-life-expiration-date,Prepared (Cooked) Squash,120
Fruits,http://www.eatbydate.com/fruits/,Dried Fruit,http://www.eatbydate.com/dried-fruit-shelf-life-expiration-date,Fresh Sweet Potatoes last,120
Fruits,http://www.eatbydate.com/fruits/,Dried Fruit,http://www.eatbydate.com/dried-fruit-shelf-life-expiration-date,Fresh Yams last,120
Fruits,http://www.eatbydate.com/fruits/,Apricots - Dried,http://www.eatbydate.com/dried-fruit-shelf-life-expiration-date/,Canned Sweet Potatoes or Yams,120
Fruits,http://www.eatbydate.com/fruits/,Apricots - Dried,http://www.eatbydate.com/dried-fruit-shelf-life-expiration-date/,Cooked Sweet Potatoes last,120
Fruits,http://www.eatbydate.com/fruits/,Apricots - Dried,http://www.eatbydate.com/dried-fruit-shelf-life-expiration-date/,Cooked Yams last,120
Fruits,http://www.eatbydate.com/fruits/,Apricots - Dried,http://www.eatbydate.com/dried-fruit-shelf-life-expiration-date/,Winter Squash  for,120
Fruits,http://www.eatbydate.com/fruits/,Apricots - Dried,http://www.eatbydate.com/dried-fruit-shelf-life-expiration-date/,Spaghetti Squash,120
Fruits,http://www.eatbydate.com/fruits/,Apricots - Dried,http://www.eatbydate.com/dried-fruit-shelf-life-expiration-date/,Butternut Squash  for,120
Fruits,http://www.eatbydate.com/fruits/,Apricots - Dried,http://www.eatbydate.com/dried-fruit-shelf-life-expiration-date/,Spaghetti Squash  for,120
Fruits,http://www.eatbydate.com/fruits/,Apricots - Dried,http://www.eatbydate.com/dried-fruit-shelf-life-expiration-date/,Butternut Squash,120
Fruits,http://www.eatbydate.com/fruits/,Apricots - Dried,http://www.eatbydate.com/dried-fruit-shelf-life-expiration-date/,Bakery Bagels,120
Fruits,http://www.eatbydate.com/fruits/,Coconut - Dried,http://www.eatbydate.com/how-long-do-coconuts-last-shelf-life/,Cake with fresh fruit,120
Fruits,http://www.eatbydate.com/fruits/,Coconut - Dried,http://www.eatbydate.com/how-long-do-coconuts-last-shelf-life/,Cheerios last for,120
Vegetables,http://www.eatbydate.com/vegetables/,Garlic,http://www.eatbydate.com/how-long-does-garlic-last-shelf-life,Bacon,120
Vegetables,http://www.eatbydate.com/vegetables/,Peppers,http://www.eatbydate.com/vegetables/fresh-vegetables/bell-peppers/,Deviled Ham,120
Vegetables,http://www.eatbydate.com/vegetables/,Spaghetti Sauce,http://www.eatbydate.com/spaghetti-sauce-shelf-life-expiration-date/,Fresh Salmon,120
Vegetables,http://www.eatbydate.com/vegetables/,Sweet Potatoes,http://www.eatbydate.com/how-long-do-sweet-potatoes-or-yams-last/,Turkey Salad,120
Grains,http://www.eatbydate.com/grains/,Cereal - Box,http://www.eatbydate.com/grains/cereal/cereal-shelf-life-expiration-date/,Cornstarch,120
Grains,http://www.eatbydate.com/grains/,Oatmeal - Instant,http://www.eatbydate.com/grains/cereal/how-long-does-oatmeal-last-shelf-life-expiration-date-storage/,Purchased Guacamole,120
Grains,http://www.eatbydate.com/grains/,Pop Tarts,http://www.eatbydate.com/grains/baked-goods/how-long-do-pop-tarts-last-shelf-life-expiration-date,Purchased Canned Pesto,120
Proteins,http://www.eatbydate.com/proteins/,Almonds,http://www.eatbydate.com/how-long-do-nuts-last-shelf-life-expiration-date/,Curry,120
Proteins,http://www.eatbydate.com/proteins/,Almonds,http://www.eatbydate.com/how-long-do-nuts-last-shelf-life-expiration-date/,Dill,120
Proteins,http://www.eatbydate.com/proteins/,Almonds,http://www.eatbydate.com/how-long-do-nuts-last-shelf-life-expiration-date/,Fennel,120
Proteins,http://www.eatbydate.com/proteins/,Almonds,http://www.eatbydate.com/how-long-do-nuts-last-shelf-life-expiration-date/,Italian Seasoning,120
Drinks,http://www.eatbydate.com/drinks/,Kcup Coffee,http://www.eatbydate.com/how-long-do-kcups-last-shelf-life/,Garlic,130
Drinks,http://www.eatbydate.com/drinks/,Kcup Coffee,http://www.eatbydate.com/how-long-do-kcups-last-shelf-life/,Persian Cucumbers,150
Drinks,http://www.eatbydate.com/drinks/,Coffee - Ground,http://www.eatbydate.com/coffee-shelf-life-expiration-date/,Pumpkin Pie,180
Grains,http://www.eatbydate.com/grains/,Stuffing - package dry,http://www.eatbydate.com/stuffing-shelf-life-expiration-date/,Goldfish,180
Grains,http://www.eatbydate.com/grains/,Stuffing - package dry,http://www.eatbydate.com/stuffing-shelf-life-expiration-date/,Pretzels,180
Grains,http://www.eatbydate.com/grains/,Stuffing - Homemade,http://www.eatbydate.com/stuffing-shelf-life-expiration-date,Salt,180
Grains,http://www.eatbydate.com/grains/,Stuffing - Homemade,http://www.eatbydate.com/stuffing-shelf-life-expiration-date,Allspice,180
Proteins,http://www.eatbydate.com/proteins/,Almonds,http://www.eatbydate.com/how-long-do-nuts-last-shelf-life-expiration-date/,Jalapenos,180
Proteins,http://www.eatbydate.com/proteins/,Almonds,http://www.eatbydate.com/how-long-do-nuts-last-shelf-life-expiration-date/,Lemon,180
Proteins,http://www.eatbydate.com/proteins/,Bacon - Cooked,http://www.eatbydate.com/bacon-shelf-life-expiration-date/,Mace,180
Drinks,http://www.eatbydate.com/drinks/,Gatorade - Bottles,http://www.eatbydate.com/sport-drinks-shelf-life-expiration-date/,Canned Soup  for,210
Fruits,http://www.eatbydate.com/fruits/,Frozen Fruit,http://www.eatbydate.com/fruits/frozen-fruit-shelf-life-expiration-date/,Packaged Cookies (Hard),210
Vegetables,http://www.eatbydate.com/vegetables/,Spaghetti Sauce,http://www.eatbydate.com/spaghetti-sauce-shelf-life-expiration-date/,Frozen Shrimp,210
Grains,http://www.eatbydate.com/grains/,Cereal - Box,http://www.eatbydate.com/grains/cereal/cereal-shelf-life-expiration-date/,Frozen Cookie Dough,210
Grains,http://www.eatbydate.com/grains/,Cereal - Box,http://www.eatbydate.com/grains/cereal/cereal-shelf-life-expiration-date/,Homemade Cookie Dough,210
Grains,http://www.eatbydate.com/grains/,Cereal - Box,http://www.eatbydate.com/grains/cereal/cereal-shelf-life-expiration-date/,Cornmeal,210
Grains,http://www.eatbydate.com/grains/,Rice - White,http://www.eatbydate.com/grains/rice-shelf-life-expiration-date/,Popcorn,210
Grains,http://www.eatbydate.com/grains/,Rice - White,http://www.eatbydate.com/grains/rice-shelf-life-expiration-date/,Microwave Popcorn,210
Dairy,http://www.eatbydate.com/dairy/,Evaporated Milk,http://www.eatbydate.com/how-long-does-evaporated-milk-last-shelf-life/,7-Up,270
Drinks,http://www.eatbydate.com/drinks/,Gatorade - Bottles,http://www.eatbydate.com/sport-drinks-shelf-life-expiration-date/,Cooked Carrots,270
Drinks,http://www.eatbydate.com/drinks/,Gatorade - Bottles,http://www.eatbydate.com/sport-drinks-shelf-life-expiration-date/,Canned Vegetables,270
Drinks,http://www.eatbydate.com/drinks/,Gatorade - Bottles,http://www.eatbydate.com/sport-drinks-shelf-life-expiration-date/,Canned Corn,270
Drinks,http://www.eatbydate.com/drinks/,Gatorade - Bottles,http://www.eatbydate.com/sport-drinks-shelf-life-expiration-date/,Canned Soup,270
Drinks,http://www.eatbydate.com/drinks/,Water - Bottled,http://www.eatbydate.com/how-long-does-water-last-shelf-life-expiration-date/,Yukon Gold Potatoes,270
Drinks,http://www.eatbydate.com/drinks/,Water - Bottled,http://www.eatbydate.com/how-long-does-water-last-shelf-life-expiration-date/,Red or New Potatoes,270
Fruits,http://www.eatbydate.com/fruits/,Frozen Fruit,http://www.eatbydate.com/fruits/frozen-fruit-shelf-life-expiration-date/,Packaged Cookies (Soft),270
Vegetables,http://www.eatbydate.com/vegetables/,Corn - Frozen,http://www.eatbydate.com/frozen-vegetables-shelf-life-expiration-date/,Black Quinoa,270
Proteins,http://www.eatbydate.com/proteins/,Almonds,http://www.eatbydate.com/how-long-do-nuts-last-shelf-life-expiration-date/,Cumin,270
Dairy,http://www.eatbydate.com/dairy/,Evaporated Milk,http://www.eatbydate.com/how-long-does-evaporated-milk-last-shelf-life/,Diet* Pepsi,365
Dairy,http://www.eatbydate.com/dairy/,Sweetened Condensed Milk,http://www.eatbydate.com/how-long-does-condensed-milk-last-shelf-life/,Powder Iced Tea Mix,365
Drinks,http://www.eatbydate.com/drinks/,White Wine - Bottle,http://www.eatbydate.com/wine-shelf-life-expiration-date/,Potato Salad  for,365
Vegetables,http://www.eatbydate.com/vegetables/,Potatoes,http://www.eatbydate.com/potatoes-shelf-life-expiration-date/,Tilapia,365
Vegetables,http://www.eatbydate.com/vegetables/,Spaghetti Sauce,http://www.eatbydate.com/spaghetti-sauce-shelf-life-expiration-date/,Cooked Shrimp,365
Vegetables,http://www.eatbydate.com/vegetables/,Spaghetti Sauce,http://www.eatbydate.com/spaghetti-sauce-shelf-life-expiration-date/,Canned Shrimp,365
Vegetables,http://www.eatbydate.com/vegetables/,Sweet Potatoes,http://www.eatbydate.com/how-long-do-sweet-potatoes-or-yams-last/,Tofu,365
Vegetables,http://www.eatbydate.com/vegetables/,Sweet Potatoes,http://www.eatbydate.com/how-long-do-sweet-potatoes-or-yams-last/,Cooked Turkey,365
Proteins,http://www.eatbydate.com/proteins/,Bean Sprouts,http://www.eatbydate.com/beans-shelf-life-expiration-date/,Oranges,365
Drinks,http://www.eatbydate.com/drinks/,Water - Bottled,http://www.eatbydate.com/how-long-does-water-last-shelf-life-expiration-date/,Fingerlings,400
Vegetables,http://www.eatbydate.com/vegetables/,Potatoes,http://www.eatbydate.com/potatoes-shelf-life-expiration-date/,Chicken bullion cubes last,400
Drinks,http://www.eatbydate.com/drinks/,White Wine - Bottle,http://www.eatbydate.com/wine-shelf-life-expiration-date/,Chicken Salad  for,500
Fruits,http://www.eatbydate.com/fruits/,Coconut - Dried,http://www.eatbydate.com/how-long-do-coconuts-last-shelf-life/,Shredded Wheat  for,500
Fruits,http://www.eatbydate.com/fruits/,Pumpkin - Canned,http://www.eatbydate.com/fruits/fresh/how-long-does-pumpkin-last/,Dry Pasta,500
Fruits,http://www.eatbydate.com/fruits/,Olives,http://www.eatbydate.com/other/condiments/olives/,Dominos Pizza,500
Fruits,http://www.eatbydate.com/fruits/,Olives,http://www.eatbydate.com/other/condiments/olives/,Homemade Pizza,500
Fruits,http://www.eatbydate.com/fruits/,Tomatoes - Fresh,http://www.eatbydate.com/tomatoes-shelf-life-expiration-date/,Quiche,500
Vegetables,http://www.eatbydate.com/vegetables/,Canned Vegetables,http://www.eatbydate.com/vegetables/canned-vegetables-shelf-life-expiration-date/,Oxygen Free White Rice*,500
Vegetables,http://www.eatbydate.com/vegetables/,Canned Vegetables,http://www.eatbydate.com/vegetables/canned-vegetables-shelf-life-expiration-date/,Brown Rice,500
Vegetables,http://www.eatbydate.com/vegetables/,Canned Vegetables,http://www.eatbydate.com/vegetables/canned-vegetables-shelf-life-expiration-date/,Wild Rice,500
Vegetables,http://www.eatbydate.com/vegetables/,Pickles,http://www.eatbydate.com/other/condiments/how-long-do-pickles-last/,Canned Clams,500
Vegetables,http://www.eatbydate.com/vegetables/,Pickles,http://www.eatbydate.com/other/condiments/how-long-do-pickles-last/,Canned Clams last,500
Vegetables,http://www.eatbydate.com/vegetables/,Pickles,http://www.eatbydate.com/other/condiments/how-long-do-pickles-last/,Chia Seeds last,500
Vegetables,http://www.eatbydate.com/vegetables/,Pickles,http://www.eatbydate.com/other/condiments/how-long-do-pickles-last/,Chia Meal,500
Vegetables,http://www.eatbydate.com/vegetables/,Potatoes,http://www.eatbydate.com/potatoes-shelf-life-expiration-date/,Roasted Chicken,500
Vegetables,http://www.eatbydate.com/vegetables/,Pumpkin,http://www.eatbydate.com/how-long-does-pumpkin-last/,Smoked Salmon,500
Vegetables,http://www.eatbydate.com/vegetables/,Sweet Potatoes,http://www.eatbydate.com/how-long-do-sweet-potatoes-or-yams-last/,Tahini Paste,500
Vegetables,http://www.eatbydate.com/vegetables/,Sweet Potatoes,http://www.eatbydate.com/how-long-do-sweet-potatoes-or-yams-last/,Homemade Turkey Soup,500
Vegetables,http://www.eatbydate.com/vegetables/,Tomatoes,http://www.eatbydate.com/tomatoes-shelf-life-expiration-date,Fresh Basil,500
Vegetables,http://www.eatbydate.com/vegetables/,Vegetables - Canned,http://www.eatbydate.com/canned-vegetables-shelf-life-expiration-date/,Dried Basil,500
Vegetables,http://www.eatbydate.com/vegetables/,Vegetables - Canned,http://www.eatbydate.com/canned-vegetables-shelf-life-expiration-date/,Barbecue (Barbeque) Sauce,500
Vegetables,http://www.eatbydate.com/vegetables/,Vegetables - Canned,http://www.eatbydate.com/canned-vegetables-shelf-life-expiration-date/,Cake Mix,500
Grains,http://www.eatbydate.com/grains/,Oatmeal - Instant,http://www.eatbydate.com/grains/cereal/how-long-does-oatmeal-last-shelf-life-expiration-date-storage/,GingerSnaps last for,500
Grains,http://www.eatbydate.com/grains/,Oatmeal - Instant,http://www.eatbydate.com/grains/cereal/how-long-does-oatmeal-last-shelf-life-expiration-date-storage/,Gummy Candy,500
Grains,http://www.eatbydate.com/grains/,Pasta - Dry,http://www.eatbydate.com/grains/pasta-shelf-life-expiration-date/,Low Sugar Jam,500
Grains,http://www.eatbydate.com/grains/,Pasta - Dry,http://www.eatbydate.com/grains/pasta-shelf-life-expiration-date/,Sugar Free Jam,500
Drinks,http://www.eatbydate.com/drinks/,Water - Bottled,http://www.eatbydate.com/how-long-does-water-last-shelf-life-expiration-date/,Russet or White Potatoes,700
Drinks,http://www.eatbydate.com/drinks/,White Wine - Bottle,http://www.eatbydate.com/wine-shelf-life-expiration-date/,Tuna Salad  for,800
Fruits,http://www.eatbydate.com/fruits/,Cherries - Maraschino,http://www.eatbydate.com/other/condiments/how-long-do-maraschino-cherries-last-shelf-life/,Homemade Cheesecake,800
Vegetables,http://www.eatbydate.com/vegetables/,Mushrooms,http://www.eatbydate.com/vegetables/fresh-vegetables/mushrooms/,Fresh Deli Meats last,800
Vegetables,http://www.eatbydate.com/vegetables/,Seaweed (Nori),http://www.eatbydate.com/how-long-does-nori-last-shelf-life/,Fresh Shrimp (Shell On),800
Grains,http://www.eatbydate.com/grains/,Oatmeal - Instant,http://www.eatbydate.com/grains/cereal/how-long-does-oatmeal-last-shelf-life-expiration-date-storage/,Jelly Beans last,800
Grains,http://www.eatbydate.com/grains/,Oatmeal - Instant,http://www.eatbydate.com/grains/cereal/how-long-does-oatmeal-last-shelf-life-expiration-date-storage/,Jelly Belly Jelly Beans last,800
Grains,http://www.eatbydate.com/grains/,Quinoa,http://www.eatbydate.com/grains/quinoa/,Cilantro,800
Grains,http://www.eatbydate.com/grains/,Quinoa,http://www.eatbydate.com/grains/quinoa/,Cinnamon,800
Grains,http://www.eatbydate.com/grains/,Quinoa,http://www.eatbydate.com/grains/quinoa/,Cloves,800
Drinks,http://www.eatbydate.com/drinks/,Champagne,http://www.eatbydate.com/how-long-does-champagne-last-shelf-life/,Peaches (Whole),900
Drinks,http://www.eatbydate.com/drinks/,Champagne,http://www.eatbydate.com/how-long-does-champagne-last-shelf-life/,Peaches (Cut),900
Dairy,http://www.eatbydate.com/dairy/,Powdered Milk,http://www.eatbydate.com/dairy/milk/how-long-does-powdered-milk-last-shelf-life/,Whole Bean Coffee,1200
Vegetables,http://www.eatbydate.com/vegetables/,Parsnips,http://www.eatbydate.com/vegetables/fresh-vegetables/parsnips/,Catfish,1200
Dairy,http://www.eatbydate.com/dairy/,Powdered Milk,http://www.eatbydate.com/dairy/milk/how-long-does-powdered-milk-last-shelf-life/,Ground Coffee,1500
Drinks,http://www.eatbydate.com/drinks/,Coffee - Ground,http://www.eatbydate.com/coffee-shelf-life-expiration-date/,Fresh Cut Pumpkins last,4000
Drinks,http://www.eatbydate.com/drinks/,Coffee - Ground,http://www.eatbydate.com/coffee-shelf-life-expiration-date/,Olives,4000
Drinks,http://www.eatbydate.com/drinks/,Champagne,http://www.eatbydate.com/how-long-does-champagne-last-shelf-life/,Nectarines (Whole),8000
Grains,http://www.eatbydate.com/grains/,Rice - White,http://www.eatbydate.com/grains/rice-shelf-life-expiration-date/,Pesto Prepared From Dry Mix,12000
Drinks,http://www.eatbydate.com/drinks/,Brandy,http://www.eatbydate.com/drinks/alcohol/alcohol-shelf-life-expiration-date/,Fresh Lemon Juice,99999
Drinks,http://www.eatbydate.com/drinks/,Brandy,http://www.eatbydate.com/drinks/alcohol/alcohol-shelf-life-expiration-date/,Lemon Juice,99999
Drinks,http://www.eatbydate.com/drinks/,Brandy,http://www.eatbydate.com/drinks/alcohol/alcohol-shelf-life-expiration-date/,Fresh Squeezed Lemonade,99999
Drinks,http://www.eatbydate.com/drinks/,Brandy,http://www.eatbydate.com/drinks/alcohol/alcohol-shelf-life-expiration-date/,Processed Lemonade,99999
Drinks,http://www.eatbydate.com/drinks/,Brandy,http://www.eatbydate.com/drinks/alcohol/alcohol-shelf-life-expiration-date/,Processed Lemonade (Opened),99999
Drinks,http://www.eatbydate.com/drinks/,Brandy,http://www.eatbydate.com/drinks/alcohol/alcohol-shelf-life-expiration-date/,Fresh Oranges,99999
Grains,http://www.eatbydate.com/grains/,Rice - White,http://www.eatbydate.com/grains/rice-shelf-life-expiration-date/,Homemade Pesto,99999
Grains,http://www.eatbydate.com/grains/,Rice - White,http://www.eatbydate.com/grains/rice-shelf-life-expiration-date/,Popped Popcorn,99999
Proteins,http://www.eatbydate.com/proteins/,Bean Sprouts,http://www.eatbydate.com/beans-shelf-life-expiration-date/,Onions,99999
Proteins,http://www.eatbydate.com/proteins/,Bean Sprouts,http://www.eatbydate.com/beans-shelf-life-expiration-date/,Paprika,99999